Match 1,游부 Manchester United,游냞 mancity,10:00 AM,游 Hall 1,Football,-1,-1
Match 2,游부 Manchester United,游부 cs,10:30 AM,游 Hall 2,Football,-1,-1
Match 3,游부 Manchester United,游냞 vfv,11:00 AM,游 Hall 3,Football,-1,-1
Match 4,游부 Manchester United,游부 we,11:30 AM,游 Hall 1,Football,-1,-1
Match 5,游부 Manchester United,游냞 man city,10:00 AM,游 Hall 2,Football,-1,-1
Match 6,游부 Manchester United,游부 Lions,10:30 AM,游 Hall 3,Football,4,5
Match 7,游부 Manchester United,游부 ed,11:00 AM,游 Hall 1,Football,-1,-1
Match 8,游부 Manchester United,游냞 re,11:30 AM,游 Hall 2,Football,-1,-1
Match 9,游부 Manchester United,游냞 barca,10:00 AM,游 Hall 3,Football,-1,-1
Match 10,游부 Manchester United,游냞 rabit,10:30 AM,游 Hall 1,Football,-1,-1
Match 11,游부 Manchester United,游부 wolf,11:00 AM,游 Hall 2,Football,-1,-1
Match 12,游부 Manchester United,游낼 fd,11:30 AM,游 Hall 3,Football,-1,-1
Match 13,游부 Manchester United,游부 saxion,10:00 AM,游 Hall 1,Football,-1,-1
Match 14,游부 Manchester United,游낼 Everton,10:30 AM,游 Hall 2,Football,-1,-1
Match 15,游부 Manchester United,游냞 arsenal,11:00 AM,游 Hall 3,Football,-1,-1
Match 16,游부 Manchester United,游냞 liverpool,11:30 AM,游 Hall 1,Football,-1,-1
Match 17,游부 Manchester United,游냞 ka,10:00 AM,游 Hall 2,Football,-1,-1
Match 18,游부 Manchester United,游냞 wolf,10:30 AM,游 Hall 3,Football,-1,-1
Match 19,游부 Manchester United,游냞 dedw,11:00 AM,游 Hall 1,Football,-1,-1
Match 20,游부 Manchester United,游냨 wolf,11:30 AM,游 Hall 2,Football,-1,-1
Match 21,游부 Manchester United,游냪 New Castle,10:00 AM,游 Hall 3,Football,-1,-1
Match 22,游부 Manchester United,游부 sxsa,10:30 AM,游 Hall 1,Football,-1,-1
Match 23,游부 Manchester United,游부 dde,11:00 AM,游 Hall 2,Football,-1,-1
Match 24,游부 Manchester United,游냞 ed,11:30 AM,游 Hall 3,Football,-1,-1
Match 25,游부 Manchester United,游부 def,10:00 AM,游 Hall 1,Football,-1,-1
Match 26,游냞 mancity,游부 cs,11:00 AM,游 Hall 3,Football,-1,-1
Match 27,游냞 mancity,游냞 vfv,11:30 AM,游 Hall 1,Football,-1,-1
Match 28,游냞 mancity,游부 we,10:00 AM,游 Hall 2,Football,-1,-1
Match 29,游냞 mancity,游냞 man city,10:30 AM,游 Hall 3,Football,-1,-1
Match 30,游냞 mancity,游부 Lions,11:00 AM,游 Hall 1,Football,-1,-1
Match 31,游냞 mancity,游부 ed,11:30 AM,游 Hall 2,Football,-1,-1
Match 32,游냞 mancity,游냞 re,10:00 AM,游 Hall 3,Football,-1,-1
Match 33,游냞 mancity,游냞 barca,10:30 AM,游 Hall 1,Football,-1,-1
Match 34,游냞 mancity,游냞 rabit,11:00 AM,游 Hall 2,Football,-1,-1
Match 35,游냞 mancity,游부 wolf,11:30 AM,游 Hall 3,Football,-1,-1
Match 36,游냞 mancity,游낼 fd,10:00 AM,游 Hall 1,Football,-1,-1
Match 37,游냞 mancity,游부 saxion,10:30 AM,游 Hall 2,Football,-1,-1
Match 38,游냞 mancity,游낼 Everton,11:00 AM,游 Hall 3,Football,-1,-1
Match 39,游냞 mancity,游냞 arsenal,11:30 AM,游 Hall 1,Football,-1,-1
Match 40,游냞 mancity,游냞 liverpool,10:00 AM,游 Hall 2,Football,-1,-1
Match 41,游냞 mancity,游냞 ka,10:30 AM,游 Hall 3,Football,-1,-1
Match 42,游냞 mancity,游냞 wolf,11:00 AM,游 Hall 1,Football,-1,-1
Match 43,游냞 mancity,游냞 dedw,11:30 AM,游 Hall 2,Football,-1,-1
Match 44,游냞 mancity,游냨 wolf,10:00 AM,游 Hall 3,Football,-1,-1
Match 45,游냞 mancity,游냪 New Castle,10:30 AM,游 Hall 1,Football,-1,-1
Match 46,游냞 mancity,游부 sxsa,11:00 AM,游 Hall 2,Football,-1,-1
Match 47,游냞 mancity,游부 dde,11:30 AM,游 Hall 3,Football,6,4
Match 48,游냞 mancity,游냞 ed,10:00 AM,游 Hall 1,Football,-1,-1
Match 49,游냞 mancity,游부 def,10:30 AM,游 Hall 2,Football,-1,-1
Match 50,游부 cs,游냞 vfv,11:30 AM,游 Hall 1,Football,-1,-1
Match 51,游부 cs,游부 we,10:30 AM,游 Hall 3,Football,-1,-1
Match 52,游부 cs,游냞 man city,11:00 AM,游 Hall 1,Football,-1,-1
Match 53,游부 cs,游부 Lions,11:30 AM,游 Hall 2,Football,-1,-1
Match 54,游부 cs,游부 ed,10:00 AM,游 Hall 3,Football,-1,-1
Match 55,游부 cs,游냞 re,10:30 AM,游 Hall 1,Football,-1,-1
Match 56,游부 cs,游냞 barca,11:00 AM,游 Hall 2,Football,-1,-1
Match 57,游부 cs,游냞 rabit,11:30 AM,游 Hall 3,Football,-1,-1
Match 58,游부 cs,游부 wolf,10:00 AM,游 Hall 1,Football,-1,-1
Match 59,游부 cs,游낼 fd,10:30 AM,游 Hall 2,Football,-1,-1
Match 60,游부 cs,游부 saxion,11:00 AM,游 Hall 3,Football,-1,-1
Match 61,游부 cs,游낼 Everton,11:30 AM,游 Hall 1,Football,-1,-1
Match 62,游부 cs,游냞 arsenal,10:00 AM,游 Hall 2,Football,-1,-1
Match 63,游부 cs,游냞 liverpool,10:30 AM,游 Hall 3,Football,-1,-1
Match 64,游부 cs,游냞 ka,11:00 AM,游 Hall 1,Football,-1,-1
Match 65,游부 cs,游냞 wolf,11:30 AM,游 Hall 2,Football,-1,-1
Match 66,游부 cs,游냞 dedw,10:00 AM,游 Hall 3,Football,-1,-1
Match 67,游부 cs,游냨 wolf,10:30 AM,游 Hall 1,Football,-1,-1
Match 68,游부 cs,游냪 New Castle,11:00 AM,游 Hall 2,Football,-1,-1
Match 69,游부 cs,游부 sxsa,11:30 AM,游 Hall 3,Football,-1,-1
Match 70,游부 cs,游부 dde,10:00 AM,游 Hall 1,Football,-1,-1
Match 71,游부 cs,游냞 ed,10:30 AM,游 Hall 2,Football,-1,-1
Match 72,游부 cs,游부 def,11:00 AM,游 Hall 3,Football,-1,-1
Match 73,游냞 vfv,游부 we,10:00 AM,游 Hall 2,Football,-1,-1
Match 74,游냞 vfv,游냞 man city,10:30 AM,游 Hall 3,Football,-1,-1
Match 75,游냞 vfv,游부 Lions,11:00 AM,游 Hall 1,Football,-1,-1
Match 76,游냞 vfv,游부 ed,11:30 AM,游 Hall 2,Football,-1,-1
Match 77,游냞 vfv,游냞 re,10:00 AM,游 Hall 3,Football,-1,-1
Match 78,游냞 vfv,游냞 barca,10:30 AM,游 Hall 1,Football,-1,-1
Match 79,游냞 vfv,游냞 rabit,11:00 AM,游 Hall 2,Football,-1,-1
Match 80,游냞 vfv,游부 wolf,11:30 AM,游 Hall 3,Football,-1,-1
Match 81,游냞 vfv,游낼 fd,10:00 AM,游 Hall 1,Football,-1,-1
Match 82,游냞 vfv,游부 saxion,10:30 AM,游 Hall 2,Football,-1,-1
Match 83,游냞 vfv,游낼 Everton,11:00 AM,游 Hall 3,Football,-1,-1
Match 84,游냞 vfv,游냞 arsenal,11:30 AM,游 Hall 1,Football,-1,-1
Match 85,游냞 vfv,游냞 liverpool,10:00 AM,游 Hall 2,Football,-1,-1
Match 86,游냞 vfv,游냞 ka,10:30 AM,游 Hall 3,Football,-1,-1
Match 87,游냞 vfv,游냞 wolf,11:00 AM,游 Hall 1,Football,-1,-1
Match 88,游냞 vfv,游냞 dedw,11:30 AM,游 Hall 2,Football,-1,-1
Match 89,游냞 vfv,游냨 wolf,10:00 AM,游 Hall 3,Football,-1,-1
Match 90,游냞 vfv,游냪 New Castle,10:30 AM,游 Hall 1,Football,-1,-1
Match 91,游냞 vfv,游부 sxsa,11:00 AM,游 Hall 2,Football,-1,-1
Match 92,游냞 vfv,游부 dde,11:30 AM,游 Hall 3,Football,-1,-1
Match 93,游냞 vfv,游냞 ed,10:00 AM,游 Hall 1,Football,-1,-1
Match 94,游냞 vfv,游부 def,10:30 AM,游 Hall 2,Football,-1,-1
Match 95,游부 we,游냞 man city,11:00 AM,游 Hall 3,Football,-1,-1
Match 96,游부 we,游부 Lions,11:30 AM,游 Hall 1,Football,-1,-1
Match 97,游부 we,游부 ed,10:00 AM,游 Hall 2,Football,-1,-1
Match 98,游부 we,游냞 re,10:30 AM,游 Hall 3,Football,-1,-1
Match 99,游부 we,游냞 barca,11:00 AM,游 Hall 1,Football,-1,-1
Match 100,游부 we,游냞 rabit,11:30 AM,游 Hall 2,Football,-1,-1
Match 101,游부 we,游부 wolf,10:00 AM,游 Hall 3,Football,-1,-1
Match 102,游부 we,游낼 fd,10:30 AM,游 Hall 1,Football,-1,-1
Match 103,游부 we,游부 saxion,11:00 AM,游 Hall 2,Football,-1,-1
Match 104,游부 we,游낼 Everton,11:30 AM,游 Hall 3,Football,-1,-1
Match 105,游부 we,游냞 arsenal,10:00 AM,游 Hall 1,Football,-1,-1
Match 106,游부 we,游냞 liverpool,10:30 AM,游 Hall 2,Football,-1,-1
Match 107,游부 we,游냞 ka,11:00 AM,游 Hall 3,Football,-1,-1
Match 108,游부 we,游냞 wolf,11:30 AM,游 Hall 1,Football,-1,-1
Match 109,游부 we,游냞 dedw,10:00 AM,游 Hall 2,Football,-1,-1
Match 110,游부 we,游냨 wolf,10:30 AM,游 Hall 3,Football,-1,-1
Match 111,游부 we,游냪 New Castle,11:00 AM,游 Hall 1,Football,-1,-1
Match 112,游부 we,游부 sxsa,11:30 AM,游 Hall 2,Football,-1,-1
Match 113,游부 we,游부 dde,10:00 AM,游 Hall 3,Football,-1,-1
Match 114,游부 we,游냞 ed,10:30 AM,游 Hall 1,Football,-1,-1
Match 115,游부 we,游부 def,11:00 AM,游 Hall 2,Football,-1,-1
Match 116,游냞 man city,游부 Lions,10:00 AM,游 Hall 1,Football,-1,-1
Match 117,游냞 man city,游부 ed,10:30 AM,游 Hall 2,Football,-1,-1
Match 118,游냞 man city,游냞 re,11:00 AM,游 Hall 3,Football,-1,-1
Match 119,游냞 man city,游냞 barca,11:30 AM,游 Hall 1,Football,-1,-1
Match 120,游냞 man city,游냞 rabit,10:00 AM,游 Hall 2,Football,-1,-1
Match 121,游냞 man city,游부 wolf,10:30 AM,游 Hall 3,Football,-1,-1
Match 122,游냞 man city,游낼 fd,11:00 AM,游 Hall 1,Football,-1,-1
Match 123,游냞 man city,游부 saxion,11:30 AM,游 Hall 2,Football,-1,-1
Match 124,游냞 man city,游낼 Everton,10:00 AM,游 Hall 3,Football,-1,-1
Match 125,游냞 man city,游냞 arsenal,10:30 AM,游 Hall 1,Football,-1,-1
Match 126,游냞 man city,游냞 liverpool,11:00 AM,游 Hall 2,Football,-1,-1
Match 127,游냞 man city,游냞 ka,11:30 AM,游 Hall 3,Football,-1,-1
Match 128,游냞 man city,游냞 wolf,10:00 AM,游 Hall 1,Football,-1,-1
Match 129,游냞 man city,游냞 dedw,10:30 AM,游 Hall 2,Football,-1,-1
Match 130,游냞 man city,游냨 wolf,11:00 AM,游 Hall 3,Football,-1,-1
Match 131,游냞 man city,游냪 New Castle,11:30 AM,游 Hall 1,Football,-1,-1
Match 132,游냞 man city,游부 sxsa,10:00 AM,游 Hall 2,Football,-1,-1
Match 133,游냞 man city,游부 dde,10:30 AM,游 Hall 3,Football,-1,-1
Match 134,游냞 man city,游냞 ed,11:00 AM,游 Hall 1,Football,-1,-1
Match 135,游냞 man city,游부 def,11:30 AM,游 Hall 2,Football,-1,-1
Match 136,游부 Lions,游부 ed,10:30 AM,游 Hall 1,Football,-1,-1
Match 137,游부 Lions,游냞 re,11:30 AM,游 Hall 3,Football,-1,-1
Match 138,游부 Lions,游냞 barca,10:00 AM,游 Hall 1,Football,-1,-1
Match 139,游부 Lions,游냞 rabit,10:30 AM,游 Hall 2,Football,-1,-1
Match 140,游부 Lions,游부 wolf,11:00 AM,游 Hall 3,Football,-1,-1
Match 141,游부 Lions,游낼 fd,11:30 AM,游 Hall 1,Football,-1,-1
Match 142,游부 Lions,游부 saxion,10:00 AM,游 Hall 2,Football,-1,-1
Match 143,游부 Lions,游낼 Everton,10:30 AM,游 Hall 3,Football,-1,-1
Match 144,游부 Lions,游냞 arsenal,11:00 AM,游 Hall 1,Football,-1,-1
Match 145,游부 Lions,游냞 liverpool,11:30 AM,游 Hall 2,Football,-1,-1
Match 146,游부 Lions,游냞 ka,10:00 AM,游 Hall 3,Football,-1,-1
Match 147,游부 Lions,游냞 wolf,10:30 AM,游 Hall 1,Football,-1,-1
Match 148,游부 Lions,游냞 dedw,11:00 AM,游 Hall 2,Football,-1,-1
Match 149,游부 Lions,游냨 wolf,11:30 AM,游 Hall 3,Football,-1,-1
Match 150,游부 Lions,游냪 New Castle,10:00 AM,游 Hall 1,Football,-1,-1
Match 151,游부 Lions,游부 sxsa,10:30 AM,游 Hall 2,Football,-1,-1
Match 152,游부 Lions,游부 dde,11:00 AM,游 Hall 3,Football,-1,-1
Match 153,游부 Lions,游냞 ed,11:30 AM,游 Hall 1,Football,-1,-1
Match 154,游부 Lions,游부 def,10:00 AM,游 Hall 2,Football,-1,-1
Match 155,游부 ed,游냞 re,11:00 AM,游 Hall 1,Football,-1,-1
Match 156,游부 ed,游냞 barca,11:30 AM,游 Hall 2,Football,-1,-1
Match 157,游부 ed,游냞 rabit,10:00 AM,游 Hall 3,Football,-1,-1
Match 158,游부 ed,游부 wolf,10:30 AM,游 Hall 1,Football,-1,-1
Match 159,游부 ed,游낼 fd,11:00 AM,游 Hall 2,Football,-1,-1
Match 160,游부 ed,游부 saxion,11:30 AM,游 Hall 3,Football,-1,-1
Match 161,游부 ed,游낼 Everton,10:00 AM,游 Hall 1,Football,-1,-1
Match 162,游부 ed,游냞 arsenal,10:30 AM,游 Hall 2,Football,-1,-1
Match 163,游부 ed,游냞 liverpool,11:00 AM,游 Hall 3,Football,-1,-1
Match 164,游부 ed,游냞 ka,11:30 AM,游 Hall 1,Football,-1,-1
Match 165,游부 ed,游냞 wolf,10:00 AM,游 Hall 2,Football,-1,-1
Match 166,游부 ed,游냞 dedw,10:30 AM,游 Hall 3,Football,-1,-1
Match 167,游부 ed,游냨 wolf,11:00 AM,游 Hall 1,Football,-1,-1
Match 168,游부 ed,游냪 New Castle,11:30 AM,游 Hall 2,Football,-1,-1
Match 169,游부 ed,游부 sxsa,10:00 AM,游 Hall 3,Football,-1,-1
Match 170,游부 ed,游부 dde,10:30 AM,游 Hall 1,Football,-1,-1
Match 171,游부 ed,游냞 ed,11:00 AM,游 Hall 2,Football,-1,-1
Match 172,游부 ed,游부 def,11:30 AM,游 Hall 3,Football,-1,-1
Match 173,游냞 re,游냞 barca,10:00 AM,游 Hall 1,Football,-1,-1
Match 174,游냞 re,游냞 rabit,10:30 AM,游 Hall 2,Football,-1,-1
Match 175,游냞 re,游부 wolf,11:00 AM,游 Hall 3,Football,-1,-1
Match 176,游냞 re,游낼 fd,11:30 AM,游 Hall 1,Football,-1,-1
Match 177,游냞 re,游부 saxion,10:00 AM,游 Hall 2,Football,-1,-1
Match 178,游냞 re,游낼 Everton,10:30 AM,游 Hall 3,Football,-1,-1
Match 179,游냞 re,游냞 arsenal,11:00 AM,游 Hall 1,Football,-1,-1
Match 180,游냞 re,游냞 liverpool,11:30 AM,游 Hall 2,Football,-1,-1
Match 181,游냞 re,游냞 ka,10:00 AM,游 Hall 3,Football,-1,-1
Match 182,游냞 re,游냞 wolf,10:30 AM,游 Hall 1,Football,-1,-1
Match 183,游냞 re,游냞 dedw,11:00 AM,游 Hall 2,Football,-1,-1
Match 184,游냞 re,游냨 wolf,11:30 AM,游 Hall 3,Football,-1,-1
Match 185,游냞 re,游냪 New Castle,10:00 AM,游 Hall 1,Football,-1,-1
Match 186,游냞 re,游부 sxsa,10:30 AM,游 Hall 2,Football,-1,-1
Match 187,游냞 re,游부 dde,11:00 AM,游 Hall 3,Football,-1,-1
Match 188,游냞 re,游냞 ed,11:30 AM,游 Hall 1,Football,-1,-1
Match 189,游냞 re,游부 def,10:00 AM,游 Hall 2,Football,-1,-1
Match 190,游냞 barca,游냞 rabit,11:00 AM,游 Hall 1,Football,-1,-1
Match 191,游냞 barca,游부 wolf,11:30 AM,游 Hall 2,Football,-1,-1
Match 192,游냞 barca,游낼 fd,10:00 AM,游 Hall 3,Football,-1,-1
Match 193,游냞 barca,游부 saxion,10:30 AM,游 Hall 1,Football,-1,-1
Match 194,游냞 barca,游낼 Everton,11:00 AM,游 Hall 2,Football,-1,-1
Match 195,游냞 barca,游냞 arsenal,11:30 AM,游 Hall 3,Football,-1,-1
Match 196,游냞 barca,游냞 liverpool,10:00 AM,游 Hall 1,Football,-1,-1
Match 197,游냞 barca,游냞 ka,10:30 AM,游 Hall 2,Football,-1,-1
Match 198,游냞 barca,游냞 wolf,11:00 AM,游 Hall 3,Football,-1,-1
Match 199,游냞 barca,游냞 dedw,11:30 AM,游 Hall 1,Football,-1,-1
Match 200,游냞 barca,游냨 wolf,10:00 AM,游 Hall 2,Football,-1,-1
Match 201,游냞 barca,游냪 New Castle,10:30 AM,游 Hall 3,Football,-1,-1
Match 202,游냞 barca,游부 sxsa,11:00 AM,游 Hall 1,Football,-1,-1
Match 203,游냞 barca,游부 dde,11:30 AM,游 Hall 2,Football,-1,-1
Match 204,游냞 barca,游냞 ed,10:00 AM,游 Hall 3,Football,-1,-1
Match 205,游냞 barca,游부 def,10:30 AM,游 Hall 1,Football,-1,-1
Match 206,游냞 rabit,游부 wolf,11:30 AM,游 Hall 3,Football,-1,-1
Match 207,游냞 rabit,游낼 fd,10:30 AM,游 Hall 2,Football,-1,-1
Match 208,游냞 rabit,游부 saxion,11:00 AM,游 Hall 3,Football,-1,-1
Match 209,游냞 rabit,游낼 Everton,11:30 AM,游 Hall 1,Football,-1,-1
Match 210,游냞 rabit,游냞 arsenal,10:00 AM,游 Hall 2,Football,-1,-1
Match 211,游냞 rabit,游냞 liverpool,10:30 AM,游 Hall 3,Football,-1,-1
Match 212,游냞 rabit,游냞 ka,11:00 AM,游 Hall 1,Football,-1,-1
Match 213,游냞 rabit,游냞 wolf,11:30 AM,游 Hall 2,Football,-1,-1
Match 214,游냞 rabit,游냞 dedw,10:00 AM,游 Hall 3,Football,-1,-1
Match 215,游냞 rabit,游냨 wolf,10:30 AM,游 Hall 1,Football,-1,-1
Match 216,游냞 rabit,游냪 New Castle,11:00 AM,游 Hall 2,Football,-1,-1
Match 217,游냞 rabit,游부 sxsa,11:30 AM,游 Hall 3,Football,-1,-1
Match 218,游냞 rabit,游부 dde,10:00 AM,游 Hall 1,Football,-1,-1
Match 219,游냞 rabit,游냞 ed,10:30 AM,游 Hall 2,Football,-1,-1
Match 220,游냞 rabit,游부 def,11:00 AM,游 Hall 3,Football,-1,-1
Match 221,游부 wolf,游낼 fd,10:00 AM,游 Hall 2,Football,-1,-1
Match 222,游부 wolf,游부 saxion,10:30 AM,游 Hall 3,Football,-1,-1
Match 223,游부 wolf,游낼 Everton,11:00 AM,游 Hall 1,Football,-1,-1
Match 224,游부 wolf,游냞 arsenal,11:30 AM,游 Hall 2,Football,-1,-1
Match 225,游부 wolf,游냞 liverpool,10:00 AM,游 Hall 3,Football,-1,-1
Match 226,游부 wolf,游냞 ka,10:30 AM,游 Hall 1,Football,-1,-1
Match 227,游부 wolf,游냞 wolf,11:00 AM,游 Hall 2,Football,-1,-1
Match 228,游부 wolf,游냞 dedw,11:30 AM,游 Hall 3,Football,-1,-1
Match 229,游부 wolf,游냨 wolf,10:00 AM,游 Hall 1,Football,-1,-1
Match 230,游부 wolf,游냪 New Castle,10:30 AM,游 Hall 2,Football,-1,-1
Match 231,游부 wolf,游부 sxsa,11:00 AM,游 Hall 3,Football,-1,-1
Match 232,游부 wolf,游부 dde,11:30 AM,游 Hall 1,Football,-1,-1
Match 233,游부 wolf,游냞 ed,10:00 AM,游 Hall 2,Football,-1,-1
Match 234,游부 wolf,游부 def,10:30 AM,游 Hall 3,Football,-1,-1
Match 235,游낼 fd,游부 saxion,11:00 AM,游 Hall 1,Football,-1,-1
Match 236,游낼 fd,游낼 Everton,11:30 AM,游 Hall 2,Football,-1,-1
Match 237,游낼 fd,游냞 arsenal,10:00 AM,游 Hall 3,Football,-1,-1
Match 238,游낼 fd,游냞 liverpool,10:30 AM,游 Hall 1,Football,-1,-1
Match 239,游낼 fd,游냞 ka,11:00 AM,游 Hall 2,Football,-1,-1
Match 240,游낼 fd,游냞 wolf,11:30 AM,游 Hall 3,Football,-1,-1
Match 241,游낼 fd,游냞 dedw,10:00 AM,游 Hall 1,Football,-1,-1
Match 242,游낼 fd,游냨 wolf,10:30 AM,游 Hall 2,Football,-1,-1
Match 243,游낼 fd,游냪 New Castle,11:00 AM,游 Hall 3,Football,-1,-1
Match 244,游낼 fd,游부 sxsa,11:30 AM,游 Hall 1,Football,-1,-1
Match 245,游낼 fd,游부 dde,10:00 AM,游 Hall 2,Football,-1,-1
Match 246,游낼 fd,游냞 ed,10:30 AM,游 Hall 3,Football,-1,-1
Match 247,游낼 fd,游부 def,11:00 AM,游 Hall 1,Football,-1,-1
Match 248,游부 saxion,游낼 Everton,10:00 AM,游 Hall 3,Football,-1,-1
Match 249,游부 saxion,游냞 arsenal,10:30 AM,游 Hall 1,Football,-1,-1
Match 250,游부 saxion,游냞 liverpool,11:00 AM,游 Hall 2,Football,-1,-1
Match 251,游부 saxion,游냞 ka,11:30 AM,游 Hall 3,Football,-1,-1
Match 252,游부 saxion,游냞 wolf,10:00 AM,游 Hall 1,Football,-1,-1
Match 253,游부 saxion,游냞 dedw,10:30 AM,游 Hall 2,Football,-1,-1
Match 254,游부 saxion,游냨 wolf,11:00 AM,游 Hall 3,Football,-1,-1
Match 255,游부 saxion,游냪 New Castle,11:30 AM,游 Hall 1,Football,-1,-1
Match 256,游부 saxion,游부 sxsa,10:00 AM,游 Hall 2,Football,-1,-1
Match 257,游부 saxion,游부 dde,10:30 AM,游 Hall 3,Football,-1,-1
Match 258,游부 saxion,游냞 ed,11:00 AM,游 Hall 1,Football,-1,-1
Match 259,游부 saxion,游부 def,11:30 AM,游 Hall 2,Football,-1,-1
Match 260,游낼 Everton,游냞 arsenal,10:30 AM,游 Hall 1,Football,-1,-1
Match 261,游낼 Everton,游냞 liverpool,11:30 AM,游 Hall 3,Football,-1,-1
Match 262,游낼 Everton,游냞 ka,10:00 AM,游 Hall 1,Football,-1,-1
Match 263,游낼 Everton,游냞 wolf,10:30 AM,游 Hall 2,Football,-1,-1
Match 264,游낼 Everton,游냞 dedw,11:00 AM,游 Hall 3,Football,-1,-1
Match 265,游낼 Everton,游냨 wolf,11:30 AM,游 Hall 1,Football,-1,-1
Match 266,游낼 Everton,游냪 New Castle,10:00 AM,游 Hall 2,Football,-1,-1
Match 267,游낼 Everton,游부 sxsa,10:30 AM,游 Hall 3,Football,-1,-1
Match 268,游낼 Everton,游부 dde,11:00 AM,游 Hall 1,Football,-1,-1
Match 269,游낼 Everton,游냞 ed,11:30 AM,游 Hall 2,Football,-1,-1
Match 270,游낼 Everton,游부 def,10:00 AM,游 Hall 3,Football,-1,-1
Match 271,游냞 arsenal,游냞 liverpool,11:00 AM,游 Hall 2,Football,-1,-1
Match 272,游냞 arsenal,游냞 ka,11:30 AM,游 Hall 3,Football,-1,-1
Match 273,游냞 arsenal,游냞 wolf,10:00 AM,游 Hall 1,Football,-1,-1
Match 274,游냞 arsenal,游냞 dedw,10:30 AM,游 Hall 2,Football,-1,-1
Match 275,游냞 arsenal,游냨 wolf,11:00 AM,游 Hall 3,Football,-1,-1
Match 276,游냞 arsenal,游냪 New Castle,11:30 AM,游 Hall 1,Football,-1,-1
Match 277,游냞 arsenal,游부 sxsa,10:00 AM,游 Hall 2,Football,-1,-1
Match 278,游냞 arsenal,游부 dde,10:30 AM,游 Hall 3,Football,-1,-1
Match 279,游냞 arsenal,游냞 ed,11:00 AM,游 Hall 1,Football,-1,-1
Match 280,游냞 arsenal,游부 def,11:30 AM,游 Hall 2,Football,-1,-1
Match 281,游냞 liverpool,游냞 ka,10:00 AM,游 Hall 3,Football,-1,-1
Match 282,游냞 liverpool,游냞 wolf,10:30 AM,游 Hall 1,Football,-1,-1
Match 283,游냞 liverpool,游냞 dedw,11:00 AM,游 Hall 2,Football,-1,-1
Match 284,游냞 liverpool,游냨 wolf,11:30 AM,游 Hall 3,Football,-1,-1
Match 285,游냞 liverpool,游냪 New Castle,10:00 AM,游 Hall 1,Football,-1,-1
Match 286,游냞 liverpool,游부 sxsa,10:30 AM,游 Hall 2,Football,-1,-1
Match 287,游냞 liverpool,游부 dde,11:00 AM,游 Hall 3,Football,-1,-1
Match 288,游냞 liverpool,游냞 ed,11:30 AM,游 Hall 1,Football,-1,-1
Match 289,游냞 liverpool,游부 def,10:00 AM,游 Hall 2,Football,-1,-1
Match 290,游냞 ka,游냞 wolf,11:00 AM,游 Hall 1,Football,-1,-1
Match 291,游냞 ka,游냞 dedw,11:30 AM,游 Hall 2,Football,-1,-1
Match 292,游냞 ka,游냨 wolf,10:00 AM,游 Hall 3,Football,-1,-1
Match 293,游냞 ka,游냪 New Castle,10:30 AM,游 Hall 1,Football,-1,-1
Match 294,游냞 ka,游부 sxsa,11:00 AM,游 Hall 2,Football,-1,-1
Match 295,游냞 ka,游부 dde,11:30 AM,游 Hall 3,Football,-1,-1
Match 296,游냞 ka,游냞 ed,10:00 AM,游 Hall 1,Football,-1,-1
Match 297,游냞 ka,游부 def,10:30 AM,游 Hall 2,Football,-1,-1
Match 298,游냞 wolf,游냞 dedw,11:30 AM,游 Hall 1,Football,-1,-1
Match 299,游냞 wolf,游냨 wolf,10:30 AM,游 Hall 3,Football,-1,-1
Match 300,游냞 wolf,游냪 New Castle,11:00 AM,游 Hall 1,Football,-1,-1
Match 301,游냞 wolf,游부 sxsa,11:30 AM,游 Hall 2,Football,-1,-1
Match 302,游냞 wolf,游부 dde,10:00 AM,游 Hall 3,Football,-1,-1
Match 303,游냞 wolf,游냞 ed,10:30 AM,游 Hall 1,Football,-1,-1
Match 304,游냞 wolf,游부 def,11:00 AM,游 Hall 2,Football,-1,-1
Match 305,游냞 dedw,游냨 wolf,10:00 AM,游 Hall 1,Football,-1,-1
Match 306,游냞 dedw,游냪 New Castle,10:30 AM,游 Hall 2,Football,-1,-1
Match 307,游냞 dedw,游부 sxsa,11:00 AM,游 Hall 3,Football,-1,-1
Match 308,游냞 dedw,游부 dde,11:30 AM,游 Hall 1,Football,-1,-1
Match 309,游냞 dedw,游냞 ed,10:00 AM,游 Hall 2,Football,-1,-1
Match 310,游냞 dedw,游부 def,10:30 AM,游 Hall 3,Football,-1,-1
Match 311,游냨 wolf,游냪 New Castle,11:00 AM,游 Hall 1,Football,-1,-1
Match 312,游냨 wolf,游부 sxsa,11:30 AM,游 Hall 2,Football,-1,-1
Match 313,游냨 wolf,游부 dde,10:00 AM,游 Hall 3,Football,-1,-1
Match 314,游냨 wolf,游냞 ed,10:30 AM,游 Hall 1,Football,-1,-1
Match 315,游냨 wolf,游부 def,11:00 AM,游 Hall 2,Football,-1,-1
Match 316,游냪 New Castle,游부 sxsa,10:00 AM,游 Hall 1,Football,-1,-1
Match 317,游냪 New Castle,游부 dde,10:30 AM,游 Hall 2,Football,-1,-1
Match 318,游냪 New Castle,游냞 ed,11:00 AM,游 Hall 3,Football,-1,-1
Match 319,游냪 New Castle,游부 def,11:30 AM,游 Hall 1,Football,-1,-1
Match 320,游부 sxsa,游부 dde,10:30 AM,游 Hall 3,Football,-1,-1
Match 321,游부 sxsa,游냞 ed,11:30 AM,游 Hall 2,Football,-1,-1
Match 322,游부 sxsa,游부 def,10:00 AM,游 Hall 3,Football,-1,-1
Match 323,游부 dde,游냞 ed,11:00 AM,游 Hall 2,Football,-1,-1
Match 324,游부 dde,游부 def,11:30 AM,游 Hall 3,Football,-1,-1
Match 325,游냞 ed,游부 def,10:00 AM,游 Hall 1,Football,-1,-1
